loss, clf_loss, reg_loss, con_reg_group_loss, per_loss

1.2172178030014038,0.9970203042030334,0.012518680654466152,0.14373469352722168,0.06394407153129578
0.7279095649719238,0.44991210103034973,0.015201659873127937,0.21314619481563568,0.04964961111545563
1.120165228843689,0.6582134962081909,0.027103224769234657,0.38548752665519714,0.04936099797487259
0.7568619251251221,0.6036999821662903,0.014261769130825996,0.0948481410741806,0.044051989912986755
0.6695306897163391,0.3215596675872803,0.007463627494871616,0.3031313717365265,0.03737600892782211
1.090831995010376,0.8262547254562378,0.009743656031787395,0.21891973912715912,0.03591400012373924
0.4857198894023895,0.18410617113113403,0.013320956379175186,0.25700148940086365,0.03129127621650696
0.8766511082649231,0.7336211800575256,0.013282044790685177,0.09709864109754562,0.0326492041349411
1.3512251377105713,0.6469776034355164,0.0364246740937233,0.6395812630653381,0.028241608291864395
0.92839115858078,0.43792814016342163,0.022291390225291252,0.4404148459434509,0.027756739407777786
0.6441090106964111,0.13446030020713806,0.02509254962205887,0.4587118923664093,0.025844302028417587
0.5602408051490784,0.11804522573947906,0.011286641471087933,0.4069836139678955,0.023925315588712692
0.8235473036766052,0.3538391888141632,0.04376329481601715,0.40375351905822754,0.022191287949681282
0.4964294135570526,0.1847275346517563,0.01272740587592125,0.27794837951660156,0.021026108413934708
0.7581163048744202,0.36868470907211304,0.015398479998111725,0.3537493646144867,0.020283743739128113
1.0679376125335693,0.15947304666042328,0.0283835306763649,0.8604499101638794,0.01963117904961109
0.24309445917606354,0.11112937331199646,0.01162679959088564,0.10202282667160034,0.018315449357032776
0.540130615234375,0.1041545420885086,0.010617103427648544,0.40767669677734375,0.017682276666164398
0.9890784025192261,0.6143081188201904,0.009136693552136421,0.3483146131038666,0.01731899194419384
0.594962477684021,0.06153275445103645,0.01878821849822998,0.4964700937271118,0.018171440809965134
0.767041802406311,0.5330690145492554,0.01154161524027586,0.20536936819553375,0.017061853781342506
0.12231244891881943,0.02213214337825775,0.003487247973680496,0.08022108674049377,0.016471974551677704
1.113430142402649,0.8283392786979675,0.004523585084825754,0.2654503881931305,0.015116900205612183
0.20489424467086792,0.0055747018195688725,0.01166038028895855,0.17156891524791718,0.016090240329504013
0.3529006838798523,0.009146042168140411,0.00972222350537777,0.32076746225357056,0.013264944776892662
0.44617167115211487,0.09857466071844101,0.006968062836676836,0.3257109224796295,0.014918042346835136
0.14591042697429657,0.012631898745894432,0.002393561415374279,0.11580486595630646,0.01508009247481823
0.4650087058544159,0.011980485171079636,0.008486750535666943,0.43218210339546204,0.012359347194433212
0.3209136128425598,0.02277415432035923,0.01121494546532631,0.2741222083568573,0.012802309356629848
0.9541657567024231,0.2557481527328491,0.04468551278114319,0.6435497999191284,0.010182343423366547
0.3310876488685608,0.0008817642228677869,0.006681173574179411,0.3132070302963257,0.010317678563296795
0.3415411710739136,0.002575041726231575,0.03445347025990486,0.294817179441452,0.009695464745163918
0.31998467445373535,0.010328201577067375,0.012598997913300991,0.2844131588935852,0.012644320726394653
0.4639269709587097,0.0018278765492141247,0.01876533403992653,0.43354061245918274,0.009793149307370186
0.39105379581451416,0.0009101479663513601,0.007755714002996683,0.37344232201576233,0.008945619687438011
0.38501879572868347,0.0332917645573616,0.009343542158603668,0.33224186301231384,0.010141639970242977
0.2655915915966034,0.03646686300635338,0.012584765441715717,0.20742672681808472,0.009113214910030365
0.20755010843276978,0.0015277829952538013,0.014243299141526222,0.18262125551700592,0.00915776938199997
0.6571731567382812,0.02757127769291401,0.007830120623111725,0.6137267351150513,0.00804501585662365
0.4608573317527771,0.006958681158721447,0.005510852672159672,0.4399178922176361,0.008469900116324425
0.2630610764026642,0.010044341906905174,0.011180384084582329,0.23456603288650513,0.007270302157849073
0.2500348389148712,0.0002400990342721343,0.007496536243706942,0.2359018623828888,0.006396343931555748
0.5972310304641724,0.0007277929107658565,0.027995537966489792,0.5620356798171997,0.006472007371485233
0.597204327583313,0.01611582562327385,0.004650934599339962,0.5691632032394409,0.007274409756064415
0.839724600315094,0.548383355140686,0.013121457770466805,0.2718043327331543,0.006415398791432381
0.1391112059354782,0.0009102359181270003,0.02326667122542858,0.1090669259428978,0.005867376457899809
0.36028823256492615,0.00023270933888852596,0.013379673473536968,0.3417278230190277,0.0049480292946100235
0.21231557428836823,0.0015126499347388744,0.0148593969643116,0.19065465033054352,0.005288881249725819
0.29605063796043396,0.00020271986431907862,0.010273479856550694,0.28106096386909485,0.00451347790658474
0.16328686475753784,0.0021915079560130835,0.015634365379810333,0.14091090857982635,0.004550083540380001
0.17360436916351318,0.007229462265968323,0.007688417565077543,0.15436631441116333,0.004320180043578148
0.39686888456344604,0.001102913054637611,0.028415130451321602,0.36295199394226074,0.004398860968649387
0.45369577407836914,0.011436262167990208,0.017819048836827278,0.4198857843875885,0.004554683342576027
0.2807498574256897,0.008854452520608902,0.015556322410702705,0.2514268457889557,0.004912238102406263
0.5898984670639038,0.007177765015512705,0.031662363559007645,0.5469117164611816,0.004146624356508255
0.4239200949668884,0.0008944434230215847,0.013560961931943893,0.40557801723480225,0.0038866791874170303
0.2900434732437134,0.005349230486899614,0.01430256012827158,0.2667733430862427,0.0036183251067996025
0.5948740839958191,0.020056765526533127,0.0179835706949234,0.5523800849914551,0.00445365346968174
0.3394780158996582,0.0002961324353236705,0.008867544122040272,0.32709166407585144,0.00322268670424819
0.2607707679271698,0.0001240279379999265,0.008313548751175404,0.24938055872917175,0.002952621318399906
0.27687332034111023,0.0017275663558393717,0.008695106022059917,0.2634562849998474,0.002994348295032978
0.48543137311935425,0.000152431326569058,0.02605702355504036,0.4565372169017792,0.0026847210247069597
0.023923590779304504,7.424256909871474e-05,0.0009016544790938497,0.02054712176322937,0.002400570549070835
0.42288005352020264,0.02857740968465805,0.024829965084791183,0.3668357729911804,0.0026369206607341766
0.10299140214920044,0.009677655063569546,0.007339893374592066,0.08339199423789978,0.00258185644634068
0.3730391263961792,0.00028947836835868657,0.005483602173626423,0.36491096019744873,0.002355102449655533
0.31986600160598755,0.005674438551068306,0.007542246021330357,0.30430492758750916,0.0023443871177732944
0.8414611220359802,0.0038322596810758114,0.03551080450415611,0.799750030040741,0.002368026180192828
0.30023443698883057,0.0005008603911846876,0.020920829847455025,0.27669084072113037,0.0021219062618911266
0.5882734060287476,0.06089784577488899,0.024849671870470047,0.4999693036079407,0.002556535415351391
0.3334890604019165,0.002597982296720147,0.017192665487527847,0.3114999234676361,0.0021984828636050224
0.0627591609954834,0.00522833876311779,0.0016723412554711103,0.05334886163473129,0.002509622136130929
0.5829994082450867,0.0014644160401076078,0.020243803039193153,0.5592893362045288,0.002001889981329441
0.31054770946502686,0.004393506329506636,0.02038753777742386,0.28370609879493713,0.0020605705212801695
0.25292640924453735,0.00048299439367838204,0.00301332026720047,0.24768641591072083,0.0017436633352190256
0.17020103335380554,0.002137239556759596,0.010347219184041023,0.15566353499889374,0.002053042408078909
0.27612605690956116,0.00118978729005903,0.00498040858656168,0.2682495713233948,0.0017063007690012455
0.4862504005432129,0.0006540110916830599,0.013317939825356007,0.4705990254878998,0.0016794309485703707
0.1946897804737091,0.01563449390232563,0.009333426132798195,0.1677163988351822,0.0020054602064192295
0.19029681384563446,0.000585808651521802,0.013210006058216095,0.17472080886363983,0.0017802012152969837
0.15743961930274963,0.015355417504906654,0.012044045142829418,0.1283876895904541,0.0016524664824828506
0.5613306164741516,0.002386225387454033,0.019407398998737335,0.5380178093910217,0.0015192044666036963
0.3347246050834656,0.00011325527157168835,0.006911139935255051,0.32626819610595703,0.0014320097398012877
0.2140924036502838,0.00010943249799311161,0.013806542381644249,0.19879522919654846,0.0013812108663842082
0.28273844718933105,0.00014745494991075248,0.004976314026862383,0.2762924134731293,0.0013222767738625407
0.35083505511283875,0.0002798756177071482,0.004715422634035349,0.3445794880390167,0.001260293647646904
0.2476837933063507,0.0002271345438202843,0.002201740862801671,0.24401265382766724,0.0012422584695741534
0.17578347027301788,0.0003059955488424748,0.005142068024724722,0.1691216230392456,0.0012137924786657095
0.14761632680892944,0.0002940802660305053,0.015549943782389164,0.13055942952632904,0.0012128644157201052
0.7872851490974426,0.23364169895648956,0.015513970516622066,0.5370031595230103,0.0011263511842116714
0.44964271783828735,0.303468257188797,0.00855504535138607,0.13646507263183594,0.0011543326545506716
0.34523916244506836,0.0004000483313575387,0.0067382557317614555,0.33689236640930176,0.0012084799818694592
0.09896625578403473,0.0013095648027956486,0.002615806646645069,0.09383996576070786,0.001200924045406282
0.3847895562648773,0.02873821370303631,0.009294684045016766,0.3454512059688568,0.0013054716400802135
0.37415871024131775,0.00040143023943528533,0.019800137728452682,0.3528551757335663,0.0011019590310752392
0.4822629690170288,9.55049617914483e-05,0.006027931347489357,0.4749964475631714,0.001143109635449946
0.3319442570209503,0.00020423991372808814,0.008048719726502895,0.32256609201431274,0.001125228125602007
0.11635566502809525,0.0010930539574474096,0.01862850785255432,0.09555311501026154,0.0010809925151988864
0.16246891021728516,0.00024903746088966727,0.004130573943257332,0.15686920285224915,0.0012200867058709264
0.209955632686615,0.0004672632203437388,0.0008370903669856489,0.2075871080160141,0.0010641660774126649
0.201483353972435,4.841846748604439e-05,0.016744855791330338,0.18373903632164001,0.0009510403033345938
0.5740581750869751,1.958819484570995e-05,0.023713815957307816,0.5494100451469421,0.0009147484670393169
0.32736799120903015,7.826503860997036e-06,0.003292414825409651,0.32312697172164917,0.0009407711331732571
0.11317816376686096,9.510127711109817e-05,0.0057493457570672035,0.10654625296592712,0.0007874667062424123
0.12230759859085083,0.00027161830803379416,0.004036019556224346,0.11708960682153702,0.0009103582706302404
0.16192710399627686,0.02146834135055542,0.012865541502833366,0.12578736245632172,0.0018058642745018005
0.1351580023765564,0.0013990341685712337,0.004045621491968632,0.1285831332206726,0.001130215241573751
0.7572060227394104,0.0004669196205213666,0.011300643905997276,0.7445090413093567,0.0009294014307670295
0.04344458878040314,1.2397665159369353e-05,0.002253327053040266,0.04029522091150284,0.0008836407796479762
0.3540242314338684,0.00016053044237196445,0.006749500520527363,0.34627044200897217,0.0008437562501057982
0.3520491421222687,0.0033619606401771307,0.004934791475534439,0.3428783714771271,0.0008739987388253212
0.15577007830142975,0.0019439797615632415,0.0029834224842488766,0.14971250295639038,0.0011301825288683176
0.28737640380859375,0.0007222142885439098,0.00549290468916297,0.27998605370521545,0.0011752278078347445
0.32149219512939453,0.0024137613363564014,0.01184927113354206,0.3062298595905304,0.0009992887498810887
0.33336150646209717,0.0013781092129647732,0.011409896425902843,0.3196108043193817,0.0009627111721783876
0.194741353392601,0.009331805631518364,0.006039073690772057,0.17849427461624146,0.000876199803315103
0.38531991839408875,0.0010002952767536044,0.017687957733869553,0.36580193042755127,0.0008297228487208486
0.49667325615882874,0.00030760338995605707,0.008904852904379368,0.4866179823875427,0.0008428142755292356
0.33226773142814636,0.0002943821018561721,0.016925573348999023,0.31424081325531006,0.0008069626055657864
0.1006491407752037,6.082564505049959e-05,0.0013192279729992151,0.09849734604358673,0.0007717413827776909
0.14093533158302307,0.00014798632764723152,0.003917684778571129,0.13615085184574127,0.0007188047165982425
0.11884795874357224,4.800218448508531e-05,0.0070001003332436085,0.11105644702911377,0.0007434143335558474
0.14956429600715637,6.045145710231736e-05,0.008370894007384777,0.14044822752475739,0.0006847202312201262
0.11100254952907562,8.071364572970197e-05,0.011116263456642628,0.09911685436964035,0.0006887177005410194
0.38509654998779297,4.168869782006368e-05,0.006152684800326824,0.3782561719417572,0.0006460075965151191
0.6418560743331909,6.624302477575839e-05,0.009363151155412197,0.6318222880363464,0.0006043612957000732
0.3052099645137787,0.00408940901979804,0.007716660853475332,0.29273855686187744,0.0006653353339061141
0.5131658315658569,0.0022610207088291645,0.007976182736456394,0.5022456049919128,0.0006830017082393169
0.28853297233581543,0.00042228904203511775,0.00861783791333437,0.2788407504558563,0.0006520975148305297
0.14523659646511078,0.00020192362717352808,0.002594973426312208,0.1418052762746811,0.0006344200228340924
0.26699820160865784,0.0013202846748754382,0.005632846616208553,0.25941434502601624,0.0006307341391220689
0.3264191448688507,0.026255005970597267,0.00383940152823925,0.29574090242385864,0.0005838223733007908
0.20325268805027008,0.00072235002880916,0.016340181231498718,0.18566623330116272,0.000523923896253109
0.11904295533895493,0.00020548469910863787,0.004677266348153353,0.11357276141643524,0.0005874400958418846
0.676810622215271,7.354731496889144e-05,0.004610428586602211,0.6715924739837646,0.0005341549986042082
0.27958330512046814,0.000342122046276927,0.004280607216060162,0.27441874146461487,0.0005418328801169991
0.1350061148405075,3.754986755666323e-05,0.0020576845854520798,0.13241714239120483,0.0004937321646139026
0.3932492733001709,3.4927197702927515e-05,0.007042314857244492,0.38566938042640686,0.0005026424769312143
0.2934136390686035,0.004969499539583921,0.006345211062580347,0.2816368341445923,0.00046207100967876613
0.029957689344882965,2.7325821065460332e-05,0.0011493240017443895,0.028346549719572067,0.00043449015356600285
0.44580385088920593,0.1357794851064682,0.011323454789817333,0.2978084087371826,0.0008925008587539196
0.09071682393550873,0.021768935024738312,0.003828085958957672,0.06370913237333298,0.0014106719754636288
0.13253121078014374,0.0008357138140127063,0.006864122115075588,0.12428919970989227,0.0005421729874797165
0.0383748821914196,0.0006100971368141472,0.004743744619190693,0.03251591697335243,0.0005051232292316854
0.44417786598205566,0.10939668118953705,0.0030192150734364986,0.3312377631664276,0.0005242372862994671
0.279064804315567,0.0023943758569657803,0.003654827130958438,0.2725127935409546,0.0005027882871218026
0.32669708132743835,0.0002799641224555671,0.009331446141004562,0.316618412733078,0.0004672632203437388
0.069441057741642,1.5572944903397e-05,0.002355448668822646,0.06660373508930206,0.00046630488941445947
0.07572375237941742,0.00010732653754530475,0.001866120845079422,0.07331244647502899,0.0004378551966510713
0.33481091260910034,0.00012734055053442717,0.00523044029250741,0.3290256857872009,0.00042746250983327627
0.30967971682548523,0.00018713560712058097,0.006748540326952934,0.3023110628128052,0.00043296959483996034
0.390855073928833,3.266242492827587e-05,0.006094660609960556,0.3843006491661072,0.0004270913195796311
0.10964055359363556,7.803620974300429e-05,0.0027244712691754103,0.10642208158969879,0.0004159670206718147
0.08642943203449249,4.979281220585108e-05,0.0026419730857014656,0.08332311362028122,0.00041455059545114636
0.37618550658226013,0.00018111045937985182,0.010840989649295807,0.36476194858551025,0.00040146394167095423
1.1735349893569946,0.8561219573020935,0.018366482108831406,0.2985660433769226,0.000480484013678506
0.43868544697761536,2.606563975859899e-05,0.007646684069186449,0.4306199252605438,0.00039275563904084265
0.9837425351142883,0.7933196425437927,0.010129914619028568,0.17990966141223907,0.0003833207883872092
0.6707959771156311,2.1197653040871955e-05,0.019517384469509125,0.6508702039718628,0.0003871834487654269
0.5015482902526855,0.0002463808632455766,0.006164496764540672,0.49474775791168213,0.000389660446671769
0.07379713654518127,9.123669588007033e-05,0.0020664550829678774,0.07127563655376434,0.0003638081543613225
0.13414429128170013,6.146433406684082e-06,0.0046579414047300816,0.12913474440574646,0.0003454526304267347
0.3404533565044403,0.0001611189218237996,0.0046807401813566685,0.33524107933044434,0.0003704222908709198
0.05887135863304138,0.001833649235777557,0.006749534979462624,0.04994580149650574,0.0003423720190767199
0.2860269844532013,0.010151958093047142,0.007576276548206806,0.26794520020484924,0.0003535574651323259
0.26131048798561096,0.00012003901065327227,0.023692116141319275,0.2370455265045166,0.00045281456550583243
0.3816770911216736,0.00030766837880946696,0.010652417317032814,0.37029793858528137,0.00041909163701348007
0.13795065879821777,4.512470695772208e-06,0.0010372987017035484,0.13655465841293335,0.0003541897749528289
0.12107270210981369,0.0020716264843940735,0.008355596102774143,0.1103350818157196,0.0003104011993855238
0.029713399708271027,1.5881345461821184e-05,0.0002963452716358006,0.029111390933394432,0.000289783114567399
0.03919772803783417,4.0208102291217074e-05,0.002564467955380678,0.03629143163561821,0.00030162278562784195
0.3253500461578369,2.715642040129751e-06,0.009864489547908306,0.31518885493278503,0.0002939954283647239
0.26281270384788513,5.270817200653255e-05,0.004575321450829506,0.2578846514225006,0.00030003354186192155
0.2664967179298401,2.3289057935471646e-06,0.003792802570387721,0.262448787689209,0.00025280771660618484
0.29181626439094543,0.00019622346735559404,0.003044064622372389,0.28833478689193726,0.00024118466535583138
0.39873605966567993,0.0003249171422794461,0.005092780105769634,0.39304375648498535,0.0002745908568613231
0.2525153160095215,4.165660357102752e-06,0.0055335708893835545,0.24674299359321594,0.00023457298811990768
0.05815134197473526,0.00010977334750350565,0.0032743504270911217,0.0545496866106987,0.0002175323897972703
0.12831233441829681,0.00040450095548294485,0.006232920102775097,0.1214425265789032,0.00023237819550558925
0.12792102992534637,0.0008911778568290174,0.004817142151296139,0.12196650356054306,0.00024621584452688694
0.28009918332099915,0.00011966589954681695,0.002933952957391739,0.27679839730262756,0.00024719320936128497
0.7317753434181213,6.423800641641719e-06,0.013278983533382416,0.7183099985122681,0.00017996990936808288
0.741866409778595,6.187643884913996e-05,0.007241169456392527,0.7341399192810059,0.00042341966764070094
0.07301019132137299,9.686128760222346e-05,0.0034848437644541264,0.06912533938884735,0.00030315201729536057
0.40567898750305176,2.735784619289916e-05,0.01512071955949068,0.39025163650512695,0.000279269675957039
0.3178900182247162,3.0992537176643964e-06,0.004550555720925331,0.3130740523338318,0.00026232702657580376
0.06347176432609558,0.002626815577968955,0.0035614275839179754,0.057019781321287155,0.0002637410652823746
0.10007402300834656,0.002028732793405652,0.002841866109520197,0.09490019083023071,0.0003032337408512831
0.13996738195419312,6.162307545309886e-05,0.005318188574165106,0.13431312143802643,0.00027445575688034296
0.24059176445007324,1.0434093383082654e-05,0.018818281590938568,0.22153380513191223,0.00022924540098756552
0.011781557463109493,6.356366793625057e-05,0.00045491947093978524,0.011033004149794579,0.00023007021809462458
0.5571023225784302,0.0002274888684041798,0.011315528303384781,0.5453399419784546,0.00021934654796496034
0.05070594698190689,0.0003240705991629511,0.002118229866027832,0.048042554408311844,0.00022109088604338467
0.0814596489071846,8.69839932420291e-05,0.002195406472310424,0.07897153496742249,0.0002057290985248983
0.060260552912950516,0.0004448273393791169,0.002125300234183669,0.057501908391714096,0.000188516904017888
0.5141239166259766,0.0018456891411915421,0.008686816319823265,0.5033932328224182,0.00019820132001768798
0.2992101311683655,5.148122363607399e-05,0.003238924080505967,0.2957356870174408,0.00018404082220513374
0.5605813264846802,1.3411026884568855e-06,0.0076334597542881966,0.5527549386024475,0.0001915917091537267
0.06832820922136307,0.0002598523860797286,0.007591404486447573,0.060297757387161255,0.0001791967952158302
0.28251588344573975,0.00016362320457119495,0.0031576803885400295,0.2790142297744751,0.00018035946413874626
0.2672293484210968,9.599288750905544e-05,0.006825015880167484,0.26014024019241333,0.00016808761574793607
0.13624240458011627,4.976570835424354e-07,0.0019103633239865303,0.13416114449501038,0.00017039799422491342
0.41361257433891296,6.854478669993114e-06,0.0035639465786516666,0.4098741412162781,0.00016764368047006428
0.34258097410202026,1.3682334838449606e-06,0.006839318200945854,0.3355805575847626,0.00015975383576005697
0.06625101715326309,3.343689240864478e-05,0.003212006762623787,0.06286308169364929,0.0001424931106157601
0.32234710454940796,7.272219227161258e-05,0.0023483724799007177,0.31977540254592896,0.0001506178523413837
0.07813804596662521,0.00023622351000085473,0.0022976899053901434,0.07545943558216095,0.00014469742018263787
0.10902353376150131,0.0002579860156401992,0.005401271861046553,0.10320679843425751,0.00015747547149658203
0.30618706345558167,3.948570883949287e-05,0.004225804004818201,0.30178186297416687,0.0001399279572069645
0.01956523209810257,8.222174074035138e-06,0.0056732287630438805,0.013746088370680809,0.00013769156066700816
0.2523491382598877,1.6213867866099463e-06,0.005341855343431234,0.24683398008346558,0.00017167678743135184
0.020267503336071968,2.1546158677665517e-05,0.000591795367654413,0.01952773705124855,0.0001264250895474106
0.27334240078926086,3.2377374736825004e-07,0.005673971492797136,0.26753896474838257,0.0001291277294512838
0.2541024684906006,0.00016712774231564254,0.0018160257022827864,0.25174787640571594,0.00037143653025850654
0.3176157474517822,0.010065067559480667,0.004818958695977926,0.3024975061416626,0.00023422455706167966
0.4129180610179901,0.09953851997852325,0.004273807629942894,0.30832386016845703,0.0007818591548129916
0.5418031811714172,0.0013858095044270158,0.009345067664980888,0.5307177901268005,0.000354539486579597
0.08656668663024902,0.05243406444787979,0.003871259046718478,0.02987540140748024,0.0003859612043015659
0.16907817125320435,0.00044321673340164125,0.003031729254871607,0.16522876918315887,0.00037444871850311756
0.3199576139450073,0.00012234097812324762,0.004090232774615288,0.3153999149799347,0.0003451224183663726
0.27043718099594116,6.928559014340863e-05,0.005151190795004368,0.2648858428001404,0.0003308757150080055
0.1889045238494873,0.002093520713970065,0.002077386248856783,0.18443283438682556,0.00030078666168265045
0.3137109577655792,2.8261938496143557e-06,0.00985093042254448,0.3035491108894348,0.0003080832539126277
0.020339103415608406,0.0005649484228342772,0.001948775490745902,0.017589125782251358,0.0002362538070883602
0.2779104709625244,8.219614755944349e-06,0.008077377453446388,0.2695641815662384,0.00026066729333251715
0.3143101632595062,2.4809145543258637e-05,0.007199152838438749,0.30682626366615295,0.000259937543887645
0.3361384868621826,1.803819577617105e-05,0.012292379513382912,0.32359322905540466,0.00023484433768317103
0.0889885276556015,0.0011321277124807239,0.0016011785482987761,0.08602380007505417,0.00023142475401982665
0.03238105773925781,0.000844983384013176,0.005254787392914295,0.026069123297929764,0.00021216305322013795
0.09364818781614304,0.0012705500703305006,0.0026331597473472357,0.08956998586654663,0.00017449371807742864
0.13409355282783508,4.112704573344672e-06,0.0035550117027014494,0.1303480565547943,0.00018636324966792017
0.2523108422756195,1.0994552212650888e-05,0.004197167698293924,0.24788962304592133,0.00021305656991899014
0.25847575068473816,0.0007593728369101882,0.001904791803099215,0.25560933351516724,0.00020223124010954052
0.23695890605449677,6.556504672516894e-07,0.0063888393342494965,0.23037445545196533,0.00019494551816023886
0.4881868064403534,5.503038664755877e-06,0.004092380870133638,0.4839174747467041,0.00017145194578915834
0.5591984391212463,0.0006998141761869192,0.012898249551653862,0.5454386472702026,0.00016170481103472412
0.328837513923645,6.429301265598042e-06,0.0103364372625947,0.31833305954933167,0.00016157919890247285
0.24929511547088623,4.2533562805147085e-07,0.001982404850423336,0.24716255068778992,0.00014973539509810507
0.32345497608184814,5.7342829677509144e-05,0.004446216393262148,0.3188251554965973,0.00012627469550352544
0.29996463656425476,1.4598027519241441e-05,0.004039168357849121,0.29579871892929077,0.00011214695405215025
0.26160329580307007,1.711710683593992e-05,0.0035263830795884132,0.25794559717178345,0.00011419980728533119
0.012349065393209457,0.00024315135669894516,0.0011325092054903507,0.010861722752451897,0.00011168235505465418
0.3467104434967041,1.8691724790187436e-07,0.009217718616127968,0.3373856842517853,0.00010685171582736075
0.07466593384742737,0.00013689328625332564,0.0041723232716321945,0.07027240097522736,8.431886089965701e-05
0.08147729933261871,2.87902116724581e-06,0.0019508294062688947,0.07943623512983322,8.735832670936361e-05
0.28889816999435425,2.5435540464968653e-06,0.003997258376330137,0.28479692339897156,0.00010144010593649
0.0601554699242115,0.000128898725961335,0.0025318206753581762,0.05742158740758896,7.316295523196459e-05
0.09137016534805298,6.61589001538232e-06,0.01002170518040657,0.0812409296631813,0.0001009076731861569
0.4893096089363098,9.17118484267121e-07,0.006813241168856621,0.4824138283729553,8.162215090123937e-05
0.2251141220331192,2.782136654388978e-08,0.004274806007742882,0.22075365483760834,8.563656592741609e-05
0.11504267901182175,0.001473930082283914,0.0023796446621418,0.1111220121383667,6.709244917146862e-05
0.05174437537789345,1.4495991251806117e-07,0.0022860150784254074,0.04938413202762604,7.408516830764711e-05
0.5304554104804993,2.2124604583950713e-06,0.014182016253471375,0.5161920189857483,7.915886817499995e-05
0.08862987905740738,1.0527131735216244e-06,0.0036593140102922916,0.08489153534173965,7.797594298608601e-05
0.16900679469108582,2.1648509573424235e-05,0.003922782372683287,0.16498486697673798,7.750635995762423e-05
0.2417401820421219,2.412985486444086e-05,0.0019213639898225665,0.23971861600875854,7.606351573485881e-05
0.09628506004810333,2.0456452887174237e-07,0.000913498573936522,0.09530282020568848,6.853623926872388e-05
0.08856455981731415,2.345617758692242e-06,0.0019571457523852587,0.08652889728546143,7.617456139996648e-05
0.11643237620592117,4.0633931348565966e-05,0.0024433538783341646,0.11388540267944336,6.298655353020877e-05
0.32609492540359497,1.4766102651719848e-07,0.00670793978497386,0.3193275034427643,5.933978536631912e-05
0.2763846516609192,6.701771440020821e-07,0.004874046891927719,0.2714463174343109,6.363040301948786e-05
0.11186409741640091,3.350889414832636e-07,0.004219107795506716,0.10758745670318604,5.719874025089666e-05
0.0680394321680069,2.7983430754829897e-06,0.0018769255839288235,0.06610716879367828,5.2543058700393885e-05
0.004380456171929836,4.110891950404039e-06,0.0011201571905985475,0.0032050898298621178,5.109832272864878e-05
0.24768893420696259,2.9802316703353426e-07,0.00536053953692317,0.24226854741573334,5.955132655799389e-05
0.29347318410873413,5.386692919273628e-06,0.002955945208668709,0.29046109318733215,5.075755689176731e-05
0.24152275919914246,5.960461066933931e-07,0.009121887385845184,0.23235249519348145,4.777660433319397e-05
0.25718212127685547,8.611354132881388e-06,0.006147029809653759,0.2509803771972656,4.609564348356798e-05
0.3714018166065216,1.4846781368760276e-06,0.009145212359726429,0.3622054159641266,4.971487942384556e-05
0.0687708631157875,3.360210030223243e-06,0.0016768730711191893,0.06704593449831009,4.4692504161503166e-05
0.12170471251010895,4.569393468045746e-07,0.0029780305922031403,0.11868127435445786,4.494620952755213e-05
0.05107001215219498,7.027494575595483e-06,0.00331162940710783,0.04771033301949501,4.102455568499863e-05
0.070218026638031,4.273028935131151e-06,0.0017404098762199283,0.06843895465135574,3.4392898669466376e-05
0.3149089813232422,7.390866812784225e-06,0.0031260172836482525,0.3117358684539795,3.970101533923298e-05
0.2378477305173874,8.874664558788936e-08,0.0020467995200306177,0.23575519025325775,4.565174094750546e-05
0.09248026460409164,3.046263330475085e-08,0.0023122034035623074,0.09013018012046814,3.784764703596011e-05
0.23036985099315643,1.433210854884237e-06,0.0015332440380007029,0.22878608107566833,4.909460403723642e-05
0.14124780893325806,7.998255568963941e-07,0.0012391350464895368,0.13997161388397217,3.6251440178602934e-05
0.5011587738990784,3.4825236070901155e-05,0.008064971305429935,0.49301856756210327,4.039908526465297e-05
0.2548461854457855,1.455565666219627e-06,0.00235686544328928,0.25245046615600586,3.738776285899803e-05
0.14843036234378815,7.966482371557504e-07,0.004566056188195944,0.1438245326280594,3.897777423844673e-05
0.007731009740382433,0.0,0.001182373147457838,0.006510664708912373,3.7971665733493865e-05
0.26901060342788696,5.031844239056227e-07,0.009692421182990074,0.25927507877349854,4.2577117710607126e-05
0.005834733601659536,5.1855677156709135e-06,0.0005418012733571231,0.005244344472885132,4.340222221799195e-05
0.5713813900947571,2.35801303460903e-06,0.011487605981528759,0.5598583221435547,3.305669088149443e-05
0.06919341534376144,5.066392532171449e-07,0.0017399073112756014,0.06741755455732346,3.544725041138008e-05
0.0228880662471056,2.682208162241295e-07,0.0006258542998693883,0.022232605144381523,2.93391367449658e-05
0.03311651200056076,3.817909146164311e-06,0.0006283795228227973,0.03245443478226662,2.9880078727728687e-05
0.0768347904086113,8.346410140802618e-08,0.002724607475101948,0.07407673448324203,3.336507506901398e-05
0.10549096018075943,7.306889528990723e-06,0.0009787542512640357,0.10447397083044052,3.092929546255618e-05
0.47105640172958374,1.277265141652606e-06,0.0034757049288600683,0.4675484895706177,3.094822750426829e-05
0.36522549390792847,1.2461148912734643e-07,0.007815646007657051,0.357374906539917,3.481480962364003e-05
0.26467663049697876,0.0,0.002183238510042429,0.2624601125717163,3.3281838113907725e-05
0.06733771413564682,3.1152875834550287e-08,0.0035959905944764614,0.06371182948350906,2.986283834616188e-05
0.24623693525791168,5.960463766996327e-08,0.0007286204490810633,0.24548009037971497,2.8168420612928458e-05
0.26951777935028076,9.536724974168465e-07,0.003835368435829878,0.26565271615982056,2.872551885957364e-05
0.08506898581981659,3.3508879937471647e-07,0.004921879153698683,0.08011414110660553,3.263691542088054e-05
0.25421637296676636,3.046263330475085e-08,0.0021255635656416416,0.25205498933792114,3.577850293368101e-05
0.493855744600296,2.911137073624559e-07,0.007910825312137604,0.48590919375419617,3.543822458595969e-05
0.14484772086143494,6.230575166910057e-08,0.0025949396658688784,0.1421663463115692,8.636248094262555e-05
